epoch,train_loss,eval_loss,eval_top1,eval_top5
0,7.527497010231018,6.5354651146282725,19.75475920896947,31.972981718940037
1,4.201039000153542,2.1877566343088506,58.74184328215103,82.26284851426415
2,3.744323868751526,2.077543627011675,60.82012080133061,85.18982904600118
3,3.792917102575302,2.295701370394578,57.4253087439005,81.89882974707437
4,3.6812751680612563,2.22997755006069,59.71727875851121,83.971040288858
5,3.609225296974182,2.078644077182427,61.16998328518689,85.03815456584377
6,3.611592442393303,2.17542074026622,60.564633556498244,84.62897050511212
7,3.583578830957413,2.0282111475975944,62.238445775714474,85.71428572045737
8,3.5534513837099073,2.147542080382651,61.219193227583105,85.19117727394352
