epoch,train_loss,eval_loss,eval_top1,eval_top5
0,5.139589081061592,2.879914211515492,49.25507961547277,71.22045598565438
