epoch,train_loss,eval_loss,eval_top1,eval_top5
8,3.554374772310257,2.155144929924437,61.36817127859966,85.47295475587268
9,3.543177905678749,2.157507302761978,62.034864912705274,85.69541067121253
10,3.5213966542482376,2.0869396730758405,61.601412936218196,85.42981179292963
