epoch,train_loss,eval_loss,eval_top1,eval_top5
1,3.856863484961518,2.4228079692127955,55.57488001006865,79.56573909250771
2,4.101183168580744,3.1740536479407875,47.55635549864877,70.38639918398665
3,4.386899693886538,4.562620828010655,40.56315051563631,61.08774200630363
4,4.279034541754311,nan,44.73925470599965,66.04648654540496
